Bölge,Toplam_Üretim_MWh,Toplam_Tüketim_MWh,Yenilenebilir_Oranı,Pik_Talep_MW,En_Sik_Onerilen_Enerji_Turu
Akdeniz,30038.36659916681,30084.739509459807,44.05%,5583.912361970056,Karma Enerji Üretimi
Doğu Anadolu,29719.51264271527,29751.379591693974,45.17%,5610.1807068654525,Karma Enerji Üretimi
Ege,31208.108955698903,31131.176519718123,43.95%,5775.95142907569,Karma Enerji Üretimi
Güneydoğu Anadolu,31149.86223553356,31091.66926304995,44.5%,5525.93762864181,Karma Enerji Üretimi
Karadeniz,29247.24658102058,29206.912861732824,44.21%,5862.956568997297,Karma Enerji Üretimi
Marmara,29433.187600752673,29460.35657346399,43.86%,5410.2612476634495,Karma Enerji Üretimi
İç Anadolu,29484.51209426596,29464.15573040003,43.11%,5399.72470533055,Termik (Kömür/Doğalgaz)
